InventoryID,ProductID,StoreID,Date,OpeningStock,ReceivedStock,SoldStock,ClosingStock
1,1012,309,2023-04-27,90,19,1,108
2,1015,306,2023-01-04,21,31,16,36
3,1015,309,2023-11-09,11,45,38,18
4,1001,304,2023-08-26,82,30,13,99
5,1007,303,2023-10-21,85,21,13,93
6,1013,303,2023-01-31,69,4,43,30
7,1018,308,2023-05-10,34,30,47,17
8,1001,302,2023-08-29,70,14,17,67
9,1011,306,2023-03-22,31,43,39,35
10,1013,309,2023-01-25,65,16,33,48
11,1020,309,2023-09-18,30,36,42,24
12,1009,308,2023-02-17,64,18,0,82
13,1016,308,2023-02-21,49,9,41,17
14,1011,301,2023-11-26,60,43,17,86
15,1003,307,2023-05-29,31,33,47,17
16,1017,301,2023-04-09,37,48,33,52
17,1002,309,2023-03-08,13,24,22,15
18,1009,303,2023-07-29,35,36,48,23
19,1009,301,2023-09-05,96,27,15,108
20,1016,308,2023-04-29,69,14,18,65
21,1001,307,2023-08-16,32,19,36,15
22,1017,302,2023-04-13,50,12,5,57
23,1010,307,2023-10-16,67,19,23,63
24,1020,305,2023-08-28,17,42,16,43
25,1005,307,2023-08-20,60,30,47,43
26,1008,310,2023-10-17,70,17,15,72
27,1013,307,2023-06-03,10,40,38,12
28,1005,302,2023-06-19,39,47,47,39
29,1004,302,2023-06-08,26,27,40,13
30,1008,307,2023-04-23,32,46,5,73
31,1007,303,2023-02-20,33,3,15,21
32,1005,304,2023-02-05,95,23,8,110
33,1010,307,2023-01-13,78,43,28,93
34,1017,302,2023-12-07,98,44,3,139
35,1006,302,2023-08-06,61,8,25,44
36,1010,309,2023-08-31,80,46,37,89
37,1016,301,2023-08-11,67,49,25,91
38,1010,303,2023-07-27,31,31,13,49
39,1004,310,2023-09-26,68,31,34,65
40,1002,304,2023-08-10,53,38,48,43
41,1001,305,2023-10-15,46,20,42,24
42,1003,303,2023-01-12,43,43,23,63
43,1013,309,2023-07-06,66,41,7,100
44,1012,305,2023-06-18,66,38,39,65
45,1001,307,2023-10-20,49,45,24,70
46,1010,307,2023-11-20,29,26,3,52
47,1006,309,2023-04-16,26,46,14,58
48,1009,302,2023-06-25,61,35,15,81
49,1001,303,2023-12-15,13,7,10,10
50,1012,304,2023-02-10,72,18,27,63
51,1005,308,2023-11-08,59,28,6,81
52,1001,301,2023-11-21,91,18,49,60
53,1002,309,2023-09-06,59,4,37,26
54,1014,305,2023-09-24,25,21,23,23
55,1002,304,2023-08-10,81,34,30,85
56,1005,308,2023-04-23,70,9,3,76
57,1010,309,2023-10-11,53,14,36,31
58,1020,303,2023-10-05,27,1,34,-6
59,1006,304,2023-07-22,59,41,5,95
60,1005,301,2023-12-07,89,21,45,65
61,1002,303,2023-09-19,39,47,32,54
62,1009,310,2023-10-09,58,34,31,61
63,1010,305,2023-05-24,30,38,45,23
64,1008,308,2023-08-31,31,18,37,12
65,1006,301,2023-09-27,56,46,34,68
66,1005,301,2023-02-04,34,11,16,29
67,1018,303,2023-10-25,95,33,31,97
68,1020,309,2023-02-22,65,44,13,96
69,1018,309,2023-12-22,73,19,18,74
70,1002,301,2023-05-30,37,6,23,20
71,1012,304,2023-01-13,42,23,38,27
72,1008,308,2023-09-24,75,2,10,67
73,1004,302,2023-04-07,13,5,6,12
74,1020,304,2023-03-27,89,32,44,77
75,1004,307,2023-11-05,21,33,23,31
76,1009,307,2023-09-22,26,32,23,35
77,1009,305,2023-03-12,45,28,13,60
78,1012,307,2023-01-17,25,22,23,24
79,1014,306,2023-07-08,32,3,10,25
80,1003,302,2023-01-10,81,4,7,78
81,1006,309,2023-06-15,18,33,43,8
82,1015,305,2023-02-08,87,15,14,88
83,1019,302,2023-12-11,64,39,41,62
84,1004,306,2023-08-07,82,46,1,127
85,1001,310,2023-04-04,73,42,23,92
86,1009,305,2023-06-07,56,41,44,53
87,1016,302,2023-12-29,99,2,9,92
88,1009,310,2023-02-03,76,42,31,87
89,1012,310,2023-10-16,19,48,16,51
90,1014,307,2023-01-12,98,41,9,130
91,1015,310,2023-08-21,13,48,21,40
92,1016,302,2023-03-28,39,13,5,47
93,1008,307,2023-04-03,20,32,26,26
94,1010,306,2023-04-17,60,27,19,68
95,1014,304,2023-07-12,28,40,0,68
96,1017,304,2023-01-10,22,14,16,20
97,1003,306,2023-05-05,66,3,0,69
98,1004,309,2023-10-02,12,19,36,-5
99,1016,310,2023-10-06,87,24,14,97
100,1014,306,2023-05-08,83,34,0,117
101,1014,306,2023-12-07,47,38,16,69
102,1016,301,2023-07-04,36,21,45,12
103,1008,305,2023-12-29,97,34,44,87
104,1018,301,2023-12-21,89,46,42,93
105,1007,309,2023-02-28,19,27,43,3
106,1003,310,2023-07-01,62,9,37,34
107,1006,304,2023-03-15,36,15,42,9
108,1020,302,2023-01-02,16,48,1,63
109,1016,309,2023-08-31,99,22,17,104
110,1004,306,2023-08-16,91,18,11,98
111,1019,310,2023-02-17,22,0,28,-6
112,1002,303,2023-01-06,81,0,22,59
113,1004,302,2023-02-12,69,45,46,68
114,1002,306,2023-05-25,23,25,8,40
115,1007,310,2023-05-07,53,33,7,79
116,1015,306,2023-12-01,79,1,49,31
117,1017,309,2023-09-03,93,27,15,105
118,1014,305,2023-05-01,37,19,22,34
119,1011,309,2023-08-20,32,41,28,45
120,1017,305,2023-07-08,21,46,9,58
121,1005,302,2023-10-12,33,26,11,48
122,1014,301,2023-08-30,60,27,11,76
123,1017,309,2023-03-19,31,30,29,32
124,1020,310,2023-02-27,71,46,9,108
125,1002,307,2023-06-30,35,6,13,28
126,1007,303,2023-03-11,95,7,3,99
127,1004,306,2023-09-22,67,31,46,52
128,1008,310,2023-07-23,80,10,19,71
129,1001,304,2023-06-19,24,47,40,31
130,1010,309,2023-10-22,77,25,38,64
131,1001,302,2023-09-04,15,24,6,33
132,1001,304,2023-02-28,11,6,29,-12
133,1004,301,2023-10-27,40,19,40,19
134,1017,307,2023-11-17,33,40,23,50
135,1005,304,2023-01-11,44,29,9,64
136,1014,305,2023-12-13,56,0,44,12
137,1006,301,2023-12-06,40,17,37,20
138,1007,302,2023-01-05,98,7,35,70
139,1008,304,2023-07-24,81,28,16,93
140,1018,302,2023-09-02,85,39,20,104
141,1004,301,2023-09-06,11,21,45,-13
142,1003,310,2023-04-15,88,31,2,117
143,1004,301,2023-08-30,68,39,0,107
144,1016,306,2023-09-29,72,13,17,68
145,1013,302,2023-01-07,84,1,1,84
146,1011,303,2023-08-12,26,34,39,21
147,1011,305,2023-08-05,63,6,47,22
148,1005,303,2023-02-13,30,2,3,29
149,1020,306,2023-01-26,31,14,31,14
150,1001,307,2023-10-19,64,42,18,88
151,1014,310,2023-06-30,38,33,19,52
152,1020,306,2023-04-02,88,21,41,68
153,1019,302,2023-09-25,30,17,48,-1
154,1005,309,2023-12-12,11,45,48,8
155,1020,302,2023-03-09,51,17,6,62
156,1006,306,2023-12-30,61,33,8,86
157,1019,309,2023-05-31,47,35,6,76
158,1012,309,2023-04-14,12,45,26,31
159,1014,302,2023-03-29,34,38,20,52
160,1017,309,2023-04-05,86,46,34,98
161,1007,308,2023-10-13,97,37,23,111
162,1001,307,2023-11-15,71,36,31,76
163,1017,308,2023-01-03,24,17,11,30
164,1006,310,2023-07-27,79,42,22,99
165,1004,308,2023-04-12,19,39,35,23
166,1014,301,2023-12-14,82,28,48,62
167,1008,309,2023-06-26,78,11,28,61
168,1018,306,2023-10-31,53,17,2,68
169,1020,301,2023-07-18,50,30,42,38
170,1013,301,2023-01-08,92,14,7,99
171,1008,307,2023-09-02,29,39,33,35
172,1016,310,2023-10-20,46,29,13,62
173,1005,302,2023-11-23,48,35,35,48
174,1003,306,2023-06-27,86,27,47,66
175,1013,305,2023-03-23,79,14,45,48
176,1015,305,2023-04-22,17,42,31,28
177,1004,310,2023-12-25,52,32,6,78
178,1003,306,2023-01-21,19,1,9,11
179,1002,308,2023-02-03,50,7,11,46
180,1004,305,2023-09-12,13,47,39,21
181,1006,308,2023-01-27,87,32,22,97
182,1004,305,2023-01-08,13,34,10,37
183,1017,310,2023-01-18,33,17,12,38
184,1007,306,2023-08-21,30,25,11,44
185,1018,308,2023-11-03,19,47,6,60
186,1010,302,2023-07-10,55,20,43,32
187,1017,307,2023-05-30,98,27,9,116
188,1004,303,2023-06-05,79,19,6,92
189,1019,309,2023-02-16,89,44,26,107
190,1007,310,2023-11-08,53,19,6,66
191,1013,307,2023-05-19,42,3,49,-4
192,1003,303,2023-05-22,45,35,23,57
193,1008,308,2023-12-01,34,33,22,45
194,1011,310,2023-01-14,22,44,24,42
195,1016,302,2023-12-22,48,12,43,17
196,1020,310,2023-09-16,88,30,35,83
197,1019,308,2023-08-24,47,38,32,53
198,1009,307,2023-01-07,39,6,36,9
199,1010,305,2023-02-08,23,16,41,-2
200,1006,304,2023-07-04,59,41,38,62
201,1003,310,2023-04-25,77,11,6,82
202,1020,310,2023-04-20,10,29,29,10
203,1008,301,2023-03-06,70,47,30,87
204,1006,304,2023-08-19,12,33,44,1
205,1008,306,2023-10-08,59,21,45,35
206,1014,306,2023-01-31,70,20,36,54
207,1008,302,2023-03-27,45,8,20,33
208,1011,309,2023-05-18,13,11,33,-9
209,1010,301,2023-03-18,52,16,45,23
210,1010,304,2023-05-17,23,15,20,18
211,1011,304,2023-05-02,98,4,39,63
212,1001,302,2023-09-21,76,18,19,75
213,1015,308,2023-04-07,16,27,33,10
214,1005,302,2023-01-19,17,16,7,26
215,1014,302,2023-10-13,53,21,31,43
216,1020,302,2023-01-09,73,34,29,78
217,1008,301,2023-03-24,16,48,28,36
218,1017,305,2023-02-16,57,14,4,67
219,1004,304,2023-03-31,71,18,29,60
220,1004,302,2023-01-01,34,46,11,69
221,1018,301,2023-06-11,90,49,38,101
222,1019,301,2023-06-02,99,25,26,98
223,1003,302,2023-01-01,77,43,12,108
224,1009,301,2023-05-26,73,43,46,70
225,1007,309,2023-06-10,27,34,9,52
226,1002,302,2023-05-15,13,42,35,20
227,1009,303,2023-10-13,26,22,30,18
228,1006,309,2023-03-18,56,9,15,50
229,1006,305,2023-03-22,90,21,38,73
230,1016,308,2023-09-26,54,46,44,56
231,1002,307,2023-09-26,98,10,35,73
232,1016,306,2023-02-11,67,25,25,67
233,1003,302,2023-05-04,12,0,43,-31
234,1016,304,2023-08-18,21,35,19,37
235,1012,309,2023-12-23,26,20,33,13
236,1003,307,2023-07-21,31,7,36,2
237,1011,303,2023-11-30,48,19,7,60
238,1011,306,2023-04-17,48,44,3,89
239,1016,308,2023-10-19,25,16,28,13
240,1005,308,2023-10-18,60,14,30,44
241,1020,308,2023-06-23,38,20,1,57
242,1008,308,2023-11-08,87,0,24,63
243,1011,310,2023-03-28,80,2,37,45
244,1011,306,2023-01-05,50,30,2,78
245,1018,310,2023-06-21,66,30,45,51
246,1019,303,2023-05-01,37,20,41,16
247,1010,309,2023-06-05,86,22,42,66
248,1004,303,2023-03-28,89,16,4,101
249,1010,304,2023-04-08,30,21,21,30
250,1014,310,2023-05-15,13,21,15,19
251,1006,301,2023-01-07,24,35,8,51
252,1005,302,2023-09-17,62,7,47,22
253,1015,306,2023-12-30,99,46,8,137
254,1005,301,2023-02-01,55,7,48,14
255,1006,309,2023-01-28,16,13,11,18
256,1019,308,2023-09-17,27,37,46,18
257,1020,302,2023-09-01,98,23,41,80
258,1017,302,2023-12-31,30,21,3,48
259,1014,308,2023-09-21,17,14,48,-17
260,1011,308,2023-05-22,68,19,17,70
261,1014,301,2023-01-30,29,26,17,38
262,1005,305,2023-05-10,91,27,41,77
263,1013,302,2023-09-23,92,21,42,71
264,1012,301,2023-03-11,76,30,32,74
265,1019,303,2023-04-29,64,8,41,31
266,1010,303,2023-11-23,71,22,2,91
267,1013,310,2023-03-11,27,4,37,-6
268,1015,309,2023-07-27,88,44,16,116
269,1020,310,2023-04-01,65,38,11,92
270,1013,301,2023-04-30,94,16,10,100
271,1004,302,2023-07-26,31,39,16,54
272,1009,309,2023-09-13,17,4,34,-13
273,1019,305,2023-02-04,20,6,40,-14
274,1020,309,2023-05-04,21,7,49,-21
275,1007,306,2023-04-22,57,6,5,58
276,1015,310,2023-07-26,72,21,34,59
277,1017,310,2023-04-12,36,43,5,74
278,1014,303,2023-07-13,44,37,31,50
279,1014,308,2023-08-29,11,20,10,21
280,1009,309,2023-05-27,17,3,42,-22
281,1016,302,2023-05-12,29,31,38,22
282,1002,309,2023-08-08,17,28,12,33
283,1014,304,2023-12-04,72,29,12,89
284,1004,308,2023-04-14,77,2,38,41
285,1003,305,2023-02-10,40,4,45,-1
286,1003,306,2023-02-25,41,18,33,26
287,1011,304,2023-11-07,22,7,2,27
288,1005,305,2023-09-07,95,36,31,100
289,1016,301,2023-08-30,35,30,3,62
290,1019,303,2023-05-07,90,26,39,77
291,1009,304,2023-05-30,38,12,0,50
292,1011,301,2023-11-27,95,41,8,128
293,1012,303,2023-12-02,27,5,48,-16
294,1008,304,2023-05-29,78,0,49,29
295,1014,309,2023-06-18,21,29,6,44
296,1017,303,2023-02-14,11,10,26,-5
297,1020,303,2023-03-25,51,40,2,89
298,1015,304,2023-01-08,16,30,21,25
299,1015,309,2023-04-17,56,15,15,56
300,1012,309,2023-09-22,99,14,7,106
301,1009,301,2023-05-26,63,4,4,63
302,1012,308,2023-01-31,24,14,48,-10
303,1019,310,2023-09-01,67,0,29,38
304,1012,301,2023-02-04,42,14,27,29
305,1011,302,2023-09-04,76,35,26,85
306,1006,310,2023-01-18,72,47,49,70
307,1008,305,2023-01-24,57,38,21,74
308,1011,306,2023-12-08,75,7,29,53
309,1003,302,2023-10-31,90,21,36,75
310,1016,310,2023-11-12,74,26,6,94
311,1006,305,2023-12-15,45,33,49,29
312,1009,303,2023-10-05,26,29,29,26
313,1009,307,2023-01-30,11,11,12,10
314,1006,301,2023-05-23,42,1,21,22
315,1005,305,2023-10-04,15,45,10,50
316,1001,303,2023-12-22,52,37,4,85
317,1003,302,2023-01-12,97,21,21,97
318,1003,303,2023-07-22,20,16,14,22
319,1012,310,2023-09-07,14,34,38,10
320,1004,304,2023-04-13,39,41,36,44
321,1016,302,2023-02-04,19,44,30,33
322,1011,302,2023-11-20,33,22,28,27
323,1008,303,2023-01-20,68,28,38,58
324,1009,302,2023-02-16,76,28,16,88
325,1014,306,2023-03-25,70,49,40,79
326,1015,302,2023-09-25,35,18,5,48
327,1019,301,2023-02-22,48,16,40,24
328,1009,308,2023-09-30,91,7,16,82
329,1017,310,2023-01-18,12,49,33,28
330,1009,304,2023-04-14,47,6,22,31
331,1003,302,2023-06-01,51,10,29,32
332,1016,304,2023-11-24,57,2,12,47
333,1013,302,2023-06-14,98,1,29,70
334,1017,305,2023-12-27,22,18,48,-8
335,1004,307,2023-03-25,98,27,19,106
336,1009,306,2023-11-04,97,27,5,119
337,1009,302,2023-05-31,65,24,30,59
338,1018,304,2023-02-06,68,10,18,60
339,1014,308,2023-12-19,72,39,5,106
340,1020,307,2023-06-01,89,42,33,98
341,1003,307,2023-12-22,52,1,27,26
342,1004,304,2023-07-27,84,11,12,83
343,1001,301,2023-02-19,66,40,9,97
344,1018,307,2023-08-08,30,37,40,27
345,1004,306,2023-02-16,63,11,44,30
346,1010,308,2023-01-18,88,49,6,131
347,1004,305,2023-05-02,62,24,17,69
348,1017,308,2023-10-09,54,36,21,69
349,1008,310,2023-04-30,45,30,13,62
350,1019,308,2023-09-08,72,16,35,53
351,1009,309,2023-11-23,10,47,7,50
352,1016,301,2023-10-26,76,11,11,76
353,1015,303,2023-02-16,88,29,39,78
354,1020,306,2023-03-26,42,1,47,-4
355,1016,304,2023-10-26,41,15,32,24
356,1012,308,2023-06-09,96,0,23,73
357,1018,310,2023-01-07,67,33,41,59
358,1007,301,2023-09-02,35,44,38,41
359,1016,305,2023-08-03,70,47,13,104
360,1019,304,2023-07-31,26,0,48,-22
361,1006,301,2023-07-31,82,35,4,113
362,1006,310,2023-10-15,78,2,18,62
363,1006,306,2023-08-06,38,33,2,69
364,1015,310,2023-09-08,72,11,0,83
365,1002,303,2023-12-10,15,44,39,20
366,1009,305,2023-11-17,68,26,40,54
367,1008,306,2023-11-10,30,49,36,43
368,1007,304,2023-06-30,54,36,32,58
369,1016,310,2023-04-02,54,24,48,30
370,1015,310,2023-08-06,96,11,45,62
371,1009,306,2023-10-17,44,32,16,60
372,1020,307,2023-03-31,61,8,8,61
373,1015,302,2023-07-16,55,0,30,25
374,1002,307,2023-07-03,75,49,34,90
375,1020,307,2023-03-07,66,22,2,86
376,1014,302,2023-04-08,51,27,12,66
377,1011,303,2023-11-02,82,2,36,48
378,1003,303,2023-01-24,86,37,37,86
379,1002,301,2023-08-08,25,35,13,47
380,1018,301,2023-06-23,14,43,5,52
381,1014,310,2023-09-02,10,43,28,25
382,1005,306,2023-04-24,31,4,48,-13
383,1012,309,2023-09-23,57,28,8,77
384,1014,309,2023-12-20,35,12,35,12
385,1006,301,2023-08-11,43,43,22,64
386,1008,307,2023-11-04,67,3,14,56
387,1007,306,2023-08-23,94,5,49,50
388,1007,304,2023-11-02,16,37,46,7
389,1012,303,2023-04-20,34,5,49,-10
390,1007,309,2023-11-10,66,10,6,70
391,1012,310,2023-01-13,21,26,46,1
392,1016,305,2023-05-05,40,45,24,61
393,1007,308,2023-11-11,36,34,36,34
394,1008,304,2023-06-16,95,39,22,112
395,1001,304,2023-02-22,43,3,10,36
396,1013,306,2023-07-05,90,26,45,71
397,1019,306,2023-10-03,84,15,7,92
398,1001,303,2023-12-18,43,17,35,25
399,1018,302,2023-01-10,46,6,41,11
400,1007,309,2023-05-27,67,10,38,39
401,1017,302,2023-11-13,69,7,0,76
402,1015,309,2023-11-29,35,5,43,-3
403,1019,308,2023-04-28,54,47,12,89
404,1004,310,2023-12-06,54,4,15,43
405,1017,307,2023-01-18,41,5,45,1
406,1007,305,2023-08-14,78,37,12,103
407,1016,303,2023-04-22,93,1,36,58
408,1017,302,2023-03-13,80,30,13,97
409,1020,308,2023-05-24,32,38,12,58
410,1015,302,2023-04-14,74,31,45,60
411,1009,308,2023-08-03,48,8,11,45
412,1013,305,2023-03-18,76,14,27,63
413,1007,309,2023-01-26,54,20,21,53
414,1019,304,2023-08-18,76,45,19,102
415,1011,308,2023-07-12,72,27,46,53
416,1008,307,2023-04-13,79,44,18,105
417,1017,308,2023-07-24,63,26,10,79
418,1004,305,2023-09-17,36,4,29,11
419,1004,302,2023-08-21,88,16,25,79
420,1018,307,2023-02-20,45,36,14,67
421,1017,303,2023-05-11,14,23,29,8
422,1003,310,2023-12-09,76,30,28,78
423,1009,310,2023-03-07,60,34,31,63
424,1006,310,2023-07-21,98,40,29,109
425,1002,310,2023-10-11,41,40,43,38
426,1012,302,2023-10-27,30,3,15,18
427,1015,303,2023-05-26,26,19,35,10
428,1009,304,2023-09-15,82,42,17,107
429,1002,310,2023-11-08,35,16,40,11
430,1012,307,2023-04-14,31,45,47,29
431,1016,310,2023-05-31,50,9,38,21
432,1007,301,2023-04-28,68,36,27,77
433,1001,306,2023-11-12,96,20,18,98
434,1007,306,2023-07-18,84,20,10,94
435,1003,308,2023-10-30,19,48,16,51
436,1020,302,2023-11-30,96,15,20,91
437,1005,302,2023-10-06,14,32,36,10
438,1003,301,2023-04-15,64,9,43,30
439,1015,303,2023-01-10,35,43,33,45
440,1006,307,2023-04-23,13,17,32,-2
441,1015,308,2023-01-27,36,32,28,40
442,1003,307,2023-04-09,67,28,3,92
443,1001,309,2023-09-14,12,30,31,11
444,1002,308,2023-11-23,59,23,10,72
445,1004,308,2023-05-16,35,11,25,21
446,1014,302,2023-08-14,27,19,17,29
447,1014,301,2023-05-07,16,5,31,-10
448,1010,306,2023-04-26,54,7,26,35
449,1011,307,2023-10-17,22,13,15,20
450,1004,306,2023-06-20,15,4,9,10
451,1015,307,2023-07-31,44,35,43,36
452,1020,308,2023-07-08,62,47,33,76
453,1004,302,2023-09-22,77,37,32,82
454,1020,301,2023-08-02,51,2,9,44
455,1020,310,2023-03-30,13,35,41,7
456,1016,308,2023-05-10,69,21,25,65
457,1002,308,2023-01-23,54,7,41,20
458,1013,308,2023-06-28,81,13,24,70
459,1008,310,2023-01-20,84,6,1,89
460,1013,307,2023-11-25,75,3,25,53
461,1020,302,2023-08-30,91,18,19,90
462,1008,304,2023-08-28,91,42,2,131
463,1004,309,2023-01-29,31,46,31,46
464,1005,308,2023-09-02,21,23,0,44
465,1006,304,2023-04-30,90,15,23,82
466,1019,308,2023-11-10,60,5,49,16
467,1010,310,2023-02-01,26,43,42,27
468,1003,306,2023-05-20,45,7,43,9
469,1013,309,2023-06-07,58,24,32,50
470,1009,301,2023-03-01,25,31,37,19
471,1017,306,2023-05-19,84,24,47,61
472,1010,304,2023-12-23,53,9,34,28
473,1012,303,2023-07-31,31,42,16,57
474,1013,305,2023-05-19,17,40,47,10
475,1010,310,2023-04-21,27,16,42,1
476,1019,308,2023-12-02,89,45,47,87
477,1019,310,2023-09-08,93,2,43,52
478,1017,306,2023-04-09,81,8,32,57
479,1005,301,2023-06-27,47,17,10,54
480,1008,306,2023-01-01,38,48,22,64
481,1005,307,2023-03-30,86,29,37,78
482,1015,306,2023-04-23,90,4,31,63
483,1004,303,2023-10-10,90,31,18,103
484,1013,309,2023-04-26,82,26,11,97
485,1017,310,2023-02-01,11,20,27,4
486,1005,310,2023-09-19,68,23,1,90
487,1001,304,2023-02-10,51,37,9,79
488,1015,305,2023-06-16,97,2,18,81
489,1010,305,2023-12-09,30,15,27,18
490,1011,303,2023-08-09,11,14,46,-21
491,1018,302,2023-08-02,14,24,7,31
492,1013,308,2023-11-09,26,7,42,-9
493,1020,307,2023-12-12,33,40,22,51
494,1016,305,2023-05-11,17,3,47,-27
495,1019,301,2023-02-17,39,31,44,26
496,1012,310,2023-05-14,59,44,29,74
497,1014,301,2023-01-07,31,34,27,38
498,1002,308,2023-02-13,68,29,12,85
499,1010,304,2023-11-13,33,38,36,35
500,1004,304,2023-03-27,35,47,11,71
501,1001,309,2023-02-17,70,48,9,109
502,1017,302,2023-11-13,17,29,16,30
503,1011,305,2023-12-19,21,16,0,37
504,1007,306,2023-08-28,23,18,21,20
505,1017,306,2023-06-01,39,30,14,55
506,1017,310,2023-09-15,64,16,15,65
507,1009,303,2023-02-13,70,1,19,52
508,1010,310,2023-06-17,71,36,9,98
509,1006,306,2023-10-02,40,47,41,46
510,1017,310,2023-07-10,36,28,25,39
511,1016,310,2023-06-01,10,29,48,-9
512,1007,305,2023-02-19,50,42,22,70
513,1019,308,2023-10-03,23,21,16,28
514,1004,304,2023-11-09,83,37,33,87
515,1020,310,2023-11-02,59,10,40,29
516,1017,310,2023-04-05,51,32,21,62
517,1009,303,2023-08-30,80,18,3,95
518,1011,306,2023-04-15,49,2,6,45
519,1001,310,2023-12-29,23,39,4,58
520,1007,309,2023-12-15,20,21,30,11
521,1005,308,2023-09-17,72,17,18,71
522,1005,310,2023-05-18,58,44,3,99
523,1001,308,2023-11-15,46,29,49,26
524,1006,303,2023-07-02,19,0,21,-2
525,1013,301,2023-02-26,63,19,2,80
526,1015,303,2023-08-28,16,48,22,42
527,1004,303,2023-04-15,90,4,3,91
528,1017,306,2023-03-06,21,11,45,-13
529,1013,303,2023-05-20,64,10,23,51
530,1011,302,2023-03-03,45,23,13,55
531,1004,309,2023-06-01,16,17,48,-15
532,1007,306,2023-05-10,33,7,40,0
533,1019,305,2023-05-06,43,28,2,69
534,1007,303,2023-07-31,74,21,46,49
535,1014,307,2023-06-11,38,44,20,62
536,1016,307,2023-07-24,35,1,25,11
537,1009,304,2023-01-29,83,22,0,105
538,1002,310,2023-07-01,74,15,29,60
539,1016,302,2023-02-20,54,43,3,94
540,1005,302,2023-08-23,26,7,13,20
541,1012,308,2023-01-14,45,3,17,31
542,1020,304,2023-12-16,82,13,11,84
543,1015,307,2023-02-27,72,8,37,43
544,1003,303,2023-05-17,32,10,41,1
545,1009,309,2023-05-08,75,47,35,87
546,1007,310,2023-02-06,91,37,15,113
547,1004,309,2023-12-25,51,43,0,94
548,1009,307,2023-09-25,80,15,2,93
549,1015,307,2023-03-26,84,12,38,58
550,1007,301,2023-07-29,80,35,34,81
551,1011,310,2023-05-19,52,43,14,81
552,1019,308,2023-01-27,97,35,37,95
553,1011,302,2023-12-10,64,16,15,65
554,1001,308,2023-08-21,65,13,16,62
555,1013,302,2023-06-20,88,28,33,83
556,1013,301,2023-06-27,40,16,9,47
557,1002,308,2023-12-20,92,0,10,82
558,1017,304,2023-01-20,65,19,27,57
559,1019,310,2023-10-30,83,32,26,89
560,1015,306,2023-09-21,57,1,37,21
561,1019,310,2023-07-16,61,16,17,60
562,1010,310,2023-11-23,81,22,46,57
563,1010,301,2023-03-05,10,21,47,-16
564,1009,309,2023-02-13,11,0,29,-18
565,1019,307,2023-09-01,51,11,12,50
566,1011,305,2023-01-12,83,12,15,80
567,1006,306,2023-12-27,18,13,1,30
568,1002,303,2023-09-17,40,9,19,30
569,1010,309,2023-10-23,11,11,11,11
570,1015,302,2023-09-14,33,21,28,26
571,1005,310,2023-08-23,52,17,45,24
572,1018,301,2023-09-04,79,38,7,110
573,1007,301,2023-05-21,81,18,37,62
574,1003,310,2023-11-02,98,29,45,82
575,1016,302,2023-06-30,52,14,46,20
576,1017,306,2023-12-31,60,38,19,79
577,1002,306,2023-06-02,98,13,34,77
578,1016,309,2023-02-13,55,8,38,25
579,1020,310,2023-04-19,84,4,30,58
580,1001,304,2023-04-08,10,32,15,27
581,1014,308,2023-08-15,96,47,22,121
582,1016,304,2023-03-22,76,4,33,47
583,1009,303,2023-08-06,10,23,31,2
584,1017,304,2023-05-29,72,7,16,63
585,1008,301,2023-03-17,85,18,42,61
586,1009,309,2023-03-21,71,11,23,59
587,1002,305,2023-02-21,70,7,34,43
588,1013,307,2023-03-04,49,7,22,34
589,1001,303,2023-03-25,38,37,7,68
590,1007,305,2023-12-09,44,19,22,41
591,1018,310,2023-09-12,94,28,20,102
592,1005,304,2023-02-28,20,40,18,42
593,1007,307,2023-01-08,99,33,30,102
594,1012,305,2023-11-03,20,17,49,-12
595,1017,302,2023-03-17,72,0,6,66
596,1005,303,2023-03-19,78,10,47,41
597,1012,308,2023-05-04,65,46,23,88
598,1019,303,2023-01-12,16,43,45,14
599,1013,307,2023-10-07,60,34,7,87
600,1016,305,2023-02-14,48,31,12,67
601,1019,307,2023-02-22,51,41,2,90
602,1010,310,2023-06-30,81,15,33,63
603,1012,309,2023-08-22,62,5,12,55
604,1007,307,2023-07-05,30,8,31,7
605,1014,306,2023-10-20,39,39,34,44
606,1010,301,2023-03-16,87,21,20,88
607,1008,304,2023-07-17,10,47,0,57
608,1015,308,2023-03-20,33,7,1,39
609,1016,301,2023-08-21,15,31,41,5
610,1008,306,2023-06-17,15,25,42,-2
611,1004,302,2023-01-23,78,17,25,70
612,1017,309,2023-08-18,71,36,2,105
613,1004,308,2023-11-01,44,11,23,32
614,1011,309,2023-05-15,88,37,25,100
615,1013,309,2023-10-20,44,33,7,70
616,1006,302,2023-02-07,57,3,46,14
617,1014,302,2023-08-20,81,15,36,60
618,1007,309,2023-12-21,52,23,7,68
619,1012,302,2023-06-17,44,13,17,40
620,1001,304,2023-10-12,14,16,17,13
621,1010,302,2023-04-13,40,30,11,59
622,1001,301,2023-05-25,40,3,35,8
623,1016,310,2023-08-31,17,49,39,27
624,1007,307,2023-05-28,15,43,1,57
625,1020,305,2023-06-02,96,33,19,110
626,1006,303,2023-11-12,62,37,2,97
627,1018,308,2023-11-15,89,37,39,87
628,1020,305,2023-10-22,53,2,43,12
629,1004,301,2023-05-06,58,7,33,32
630,1016,309,2023-07-11,17,11,48,-20
631,1001,305,2023-03-24,73,34,45,62
632,1020,303,2023-01-21,13,1,45,-31
633,1002,306,2023-10-15,41,28,5,64
634,1016,308,2023-10-11,62,22,39,45
635,1009,302,2023-12-25,76,32,9,99
636,1015,303,2023-09-25,72,49,23,98
637,1016,307,2023-05-01,89,17,17,89
638,1009,302,2023-04-21,69,39,32,76
639,1007,305,2023-03-20,86,21,38,69
640,1010,309,2023-12-14,42,13,6,49
641,1007,307,2023-03-26,31,28,44,15
642,1013,303,2023-03-21,40,44,47,37
643,1002,302,2023-05-31,33,14,43,4
644,1012,310,2023-09-01,12,14,28,-2
645,1013,309,2023-08-06,42,44,18,68
646,1003,309,2023-01-15,35,3,37,1
647,1011,309,2023-04-11,60,35,38,57
648,1008,310,2023-09-25,95,4,24,75
649,1011,303,2023-02-04,39,2,16,25
650,1018,301,2023-12-17,44,11,36,19
651,1007,309,2023-10-10,34,19,2,51
652,1012,307,2023-05-05,37,43,23,57
653,1006,302,2023-08-12,96,19,17,98
654,1010,306,2023-06-10,35,38,48,25
655,1020,309,2023-01-13,82,38,25,95
656,1015,308,2023-06-14,17,0,20,-3
657,1020,306,2023-09-15,24,43,10,57
658,1015,306,2023-10-20,58,2,40,20
659,1019,308,2023-04-24,17,46,16,47
660,1006,309,2023-04-30,64,8,44,28
661,1019,308,2023-03-10,94,19,37,76
662,1015,301,2023-10-01,67,8,20,55
663,1020,302,2023-02-17,12,30,3,39
664,1020,306,2023-12-03,18,45,31,32
665,1018,308,2023-11-18,23,27,17,33
666,1002,304,2023-12-28,29,34,43,20
667,1007,304,2023-02-27,13,39,27,25
668,1005,302,2023-03-19,33,37,35,35
669,1003,310,2023-07-23,85,43,36,92
670,1006,301,2023-08-13,37,1,43,-5
671,1006,310,2023-09-20,97,2,49,50
672,1001,309,2023-04-13,40,13,25,28
673,1019,307,2023-04-19,76,16,48,44
674,1012,309,2023-09-22,73,34,23,84
675,1005,302,2023-11-21,26,3,9,20
676,1007,310,2023-02-25,15,46,37,24
677,1020,305,2023-11-08,91,29,48,72
678,1008,302,2023-09-09,69,38,7,100
679,1019,310,2023-10-27,90,13,1,102
680,1006,307,2023-03-13,20,47,43,24
681,1015,309,2023-05-21,47,26,34,39
682,1006,303,2023-06-29,43,12,20,35
683,1009,301,2023-07-22,56,19,26,49
684,1004,304,2023-09-28,41,48,22,67
685,1016,304,2023-04-20,66,48,31,83
686,1010,306,2023-03-23,55,23,25,53
687,1001,305,2023-03-25,44,9,6,47
688,1011,305,2023-09-14,31,6,32,5
689,1017,309,2023-07-12,25,16,16,25
690,1018,301,2023-05-19,85,21,7,99
691,1020,308,2023-08-09,14,43,41,16
692,1020,308,2023-07-08,99,10,16,93
693,1015,308,2023-12-15,35,41,47,29
694,1006,303,2023-12-10,86,22,41,67
695,1016,310,2023-12-06,33,21,46,8
696,1002,308,2023-07-16,76,39,47,68
697,1003,302,2023-10-28,41,46,17,70
698,1017,308,2023-03-15,32,17,35,14
699,1008,308,2023-07-17,58,44,38,64
700,1020,303,2023-11-20,71,25,43,53
701,1015,304,2023-09-17,86,47,22,111
702,1013,309,2023-07-18,88,29,11,106
703,1019,309,2023-10-31,75,12,22,65
704,1001,310,2023-12-19,20,3,32,-9
705,1012,309,2023-05-17,89,42,27,104
706,1018,310,2023-12-12,27,26,43,10
707,1018,306,2023-06-24,19,39,22,36
708,1003,301,2023-11-12,86,9,6,89
709,1018,308,2023-11-04,69,43,46,66
710,1017,309,2023-12-08,17,27,1,43
711,1011,308,2023-12-19,80,20,0,100
712,1005,301,2023-10-31,57,10,3,64
713,1007,306,2023-05-13,90,19,7,102
714,1018,309,2023-01-27,50,35,48,37
715,1007,309,2023-09-14,17,18,28,7
716,1018,307,2023-02-20,46,9,17,38
717,1002,307,2023-05-24,46,14,36,24
718,1006,304,2023-12-21,73,44,30,87
719,1008,307,2023-12-22,68,44,5,107
720,1017,310,2023-08-24,97,17,43,71
721,1004,305,2023-06-09,54,6,23,37
722,1017,310,2023-12-25,25,29,47,7
723,1016,305,2023-10-30,35,13,40,8
724,1015,301,2023-09-28,40,36,14,62
725,1015,302,2023-06-03,36,40,39,37
726,1008,309,2023-02-06,99,29,11,117
727,1017,302,2023-08-05,52,26,45,33
728,1019,310,2023-05-10,24,48,48,24
729,1001,302,2023-03-17,67,36,13,90
730,1013,309,2023-10-15,58,47,26,79
731,1006,303,2023-07-16,88,40,36,92
732,1010,302,2023-11-07,96,16,12,100
733,1001,307,2023-08-05,34,29,37,26
734,1012,309,2023-04-09,77,17,45,49
735,1019,306,2023-11-08,45,2,37,10
736,1015,307,2023-10-12,89,27,2,114
737,1005,303,2023-08-18,56,36,15,77
738,1002,303,2023-04-19,68,29,11,86
739,1019,308,2023-12-06,94,20,13,101
740,1014,307,2023-06-13,61,48,33,76
741,1009,305,2023-04-26,49,19,49,19
742,1001,306,2023-03-12,52,21,30,43
743,1013,309,2023-08-02,65,35,38,62
744,1017,303,2023-12-04,90,35,4,121
745,1002,303,2023-02-22,12,20,11,21
746,1014,306,2023-03-26,80,23,25,78
747,1020,308,2023-12-08,21,20,16,25
748,1006,305,2023-03-17,74,6,43,37
749,1006,301,2023-09-24,52,7,10,49
750,1018,303,2023-09-05,79,21,32,68
751,1019,308,2023-11-28,55,21,40,36
752,1009,304,2023-10-13,69,29,39,59
753,1015,309,2023-03-20,70,33,45,58
754,1007,306,2023-04-17,58,28,3,83
755,1006,310,2023-03-23,96,9,31,74
756,1005,304,2023-07-21,34,4,30,8
757,1019,304,2023-08-18,98,48,10,136
758,1020,310,2023-08-15,12,38,16,34
759,1001,305,2023-01-20,77,33,26,84
760,1007,307,2023-09-25,72,37,7,102
761,1018,307,2023-11-19,39,9,20,28
762,1008,310,2023-06-27,13,8,32,-11
763,1012,307,2023-05-20,87,31,49,69
764,1010,305,2023-11-06,94,4,4,94
765,1006,309,2023-03-21,80,34,31,83
766,1016,302,2023-07-01,30,10,24,16
767,1019,308,2023-03-15,80,41,7,114
768,1018,310,2023-05-27,10,15,26,-1
769,1013,308,2023-08-21,69,26,25,70
770,1020,303,2023-05-22,43,19,39,23
771,1007,305,2023-05-30,96,0,28,68
772,1007,308,2023-05-12,12,25,8,29
773,1016,310,2023-08-27,27,10,17,20
774,1010,309,2023-11-11,52,14,6,60
775,1015,307,2023-06-11,85,38,41,82
776,1014,304,2023-11-16,87,39,20,106
777,1012,304,2023-09-07,50,47,15,82
778,1015,303,2023-05-08,33,17,2,48
779,1008,308,2023-10-01,33,23,31,25
780,1007,306,2023-03-23,12,27,9,30
781,1009,310,2023-08-20,68,24,31,61
782,1014,306,2023-01-31,67,22,7,82
783,1007,310,2023-08-22,82,10,31,61
784,1012,310,2023-03-25,33,32,49,16
785,1014,309,2023-02-11,75,15,3,87
786,1011,303,2023-07-21,49,35,28,56
787,1019,304,2023-09-08,80,22,11,91
788,1006,303,2023-03-26,18,5,36,-13
789,1003,303,2023-07-02,69,42,35,76
790,1006,301,2023-09-23,48,23,18,53
791,1009,310,2023-03-12,42,37,36,43
792,1002,306,2023-01-22,43,41,46,38
793,1006,309,2023-03-17,71,5,30,46
794,1014,305,2023-09-26,94,9,43,60
795,1019,310,2023-06-17,70,21,25,66
796,1004,302,2023-12-19,36,22,44,14
797,1014,310,2023-12-17,26,4,5,25
798,1010,304,2023-08-28,69,27,28,68
799,1006,306,2023-02-20,51,8,16,43
800,1011,307,2023-03-24,56,38,19,75
801,1013,307,2023-12-18,96,48,41,103
802,1018,304,2023-03-31,62,43,45,60
803,1020,310,2023-01-13,30,27,46,11
804,1014,310,2023-06-06,17,24,9,32
805,1020,305,2023-07-18,82,42,5,119
806,1020,304,2023-06-03,67,37,47,57
807,1011,310,2023-07-17,77,26,31,72
808,1005,306,2023-08-12,72,23,1,94
809,1008,307,2023-04-28,68,42,9,101
810,1004,302,2023-05-31,91,42,36,97
811,1012,310,2023-09-01,39,45,26,58
812,1006,303,2023-03-16,34,15,40,9
813,1008,308,2023-08-01,65,1,18,48
814,1004,307,2023-10-02,43,1,40,4
815,1020,301,2023-12-20,59,4,15,48
816,1010,304,2023-09-01,11,45,19,37
817,1011,305,2023-06-27,86,20,35,71
818,1015,303,2023-04-18,62,9,4,67
819,1005,304,2023-10-18,50,41,17,74
820,1003,310,2023-06-26,32,17,7,42
821,1015,310,2023-06-23,70,25,12,83
822,1002,310,2023-04-03,96,19,40,75
823,1002,307,2023-04-10,40,40,9,71
824,1008,308,2023-06-30,75,35,35,75
825,1014,309,2023-06-08,11,48,18,41
826,1009,302,2023-04-06,78,20,30,68
827,1005,304,2023-08-20,69,1,35,35
828,1012,301,2023-09-08,87,45,28,104
829,1010,303,2023-12-06,32,32,44,20
830,1001,308,2023-03-08,66,22,22,66
831,1019,307,2023-08-25,44,38,31,51
832,1011,308,2023-01-19,10,30,48,-8
833,1017,306,2023-10-14,57,3,10,50
834,1003,305,2023-10-15,58,40,1,97
835,1001,310,2023-07-26,49,2,31,20
836,1017,309,2023-11-07,71,36,4,103
837,1006,305,2023-04-13,24,9,30,3
838,1013,309,2023-06-08,39,41,12,68
839,1020,304,2023-07-14,30,31,21,40
840,1004,305,2023-02-20,17,35,34,18
841,1005,301,2023-08-12,16,48,18,46
842,1015,306,2023-07-21,43,26,28,41
843,1014,303,2023-04-02,73,48,22,99
844,1019,310,2023-06-04,51,18,18,51
845,1015,302,2023-06-25,62,37,15,84
846,1012,306,2023-04-20,79,0,30,49
847,1018,301,2023-10-26,19,25,15,29
848,1014,309,2023-08-11,99,45,25,119
849,1010,305,2023-06-28,67,12,2,77
850,1008,307,2023-08-14,99,34,22,111
851,1004,310,2023-03-16,92,1,8,85
852,1018,309,2023-03-12,13,21,23,11
853,1008,309,2023-11-24,98,38,32,104
854,1004,307,2023-07-28,17,27,13,31
855,1011,304,2023-04-13,21,43,27,37
856,1005,304,2023-02-10,97,1,23,75
857,1010,307,2023-11-30,97,10,42,65
858,1006,308,2023-10-07,90,47,49,88
859,1004,307,2023-01-30,34,36,6,64
860,1018,310,2023-08-31,36,25,37,24
861,1017,304,2023-02-21,11,27,43,-5
862,1007,304,2023-02-26,82,25,24,83
863,1009,308,2023-07-09,64,16,1,79
864,1003,309,2023-03-20,67,2,44,25
865,1009,307,2023-07-15,42,13,0,55
866,1004,303,2023-07-16,92,15,22,85
867,1019,310,2023-01-31,58,48,46,60
868,1009,301,2023-11-28,14,35,39,10
869,1020,305,2023-01-30,56,27,17,66
870,1006,306,2023-04-23,93,27,46,74
871,1011,309,2023-05-18,33,24,7,50
872,1015,305,2023-08-10,53,8,33,28
873,1006,301,2023-06-21,77,10,42,45
874,1020,304,2023-06-04,23,36,7,52
875,1010,302,2023-10-03,45,42,28,59
876,1018,304,2023-08-08,60,44,12,92
877,1016,307,2023-10-03,15,20,0,35
878,1004,309,2023-01-12,26,1,28,-1
879,1020,303,2023-03-26,91,33,49,75
880,1013,303,2023-08-10,81,41,36,86
881,1005,304,2023-02-18,60,12,0,72
882,1020,307,2023-06-29,61,4,43,22
883,1019,306,2023-01-10,21,10,4,27
884,1018,305,2023-09-18,90,28,47,71
885,1020,304,2023-11-16,10,46,49,7
886,1017,308,2023-07-05,20,27,1,46
887,1016,304,2023-08-17,25,27,46,6
888,1001,303,2023-06-07,18,4,21,1
889,1001,307,2023-09-30,17,19,29,7
890,1020,302,2023-11-19,34,36,10,60
891,1014,304,2023-01-21,83,38,28,93
892,1002,308,2023-01-16,49,9,41,17
893,1015,304,2023-10-10,76,31,2,105
894,1003,310,2023-04-25,32,28,44,16
895,1013,307,2023-01-06,71,1,12,60
896,1019,302,2023-10-25,32,0,2,30
897,1001,305,2023-09-16,53,19,9,63
898,1013,304,2023-02-09,65,0,3,62
899,1015,309,2023-10-03,77,3,13,67
900,1016,307,2023-08-20,32,14,22,24
901,1011,309,2023-01-07,18,46,16,48
902,1003,310,2023-11-11,13,29,0,42
903,1008,307,2023-04-03,43,5,14,34
904,1006,302,2023-11-04,91,37,1,127
905,1005,302,2023-01-21,43,0,17,26
906,1015,302,2023-01-11,51,6,38,19
907,1009,305,2023-02-19,12,4,21,-5
908,1005,301,2023-09-22,92,48,27,113
909,1010,307,2023-02-14,43,6,29,20
910,1006,302,2023-10-12,99,35,12,122
911,1011,304,2023-11-14,52,2,2,52
912,1004,309,2023-09-28,76,11,2,85
913,1020,308,2023-10-02,46,14,44,16
914,1012,310,2023-02-04,21,19,25,15
915,1020,302,2023-05-21,96,40,3,133
916,1006,304,2023-05-24,90,20,15,95
917,1001,304,2023-11-19,25,31,27,29
918,1018,302,2023-09-02,71,11,7,75
919,1002,302,2023-12-17,26,36,39,23
920,1005,305,2023-11-07,24,39,15,48
921,1016,304,2023-07-12,35,46,30,51
922,1012,308,2023-02-04,54,6,22,38
923,1012,304,2023-09-29,11,44,1,54
924,1011,308,2023-06-27,26,30,8,48
925,1020,305,2023-09-27,74,0,26,48
926,1019,301,2023-11-14,39,10,44,5
927,1007,309,2023-05-31,77,44,21,100
928,1002,308,2023-04-09,53,33,43,43
929,1006,301,2023-01-29,69,18,33,54
930,1004,303,2023-05-30,10,10,8,12
931,1002,303,2023-07-27,28,32,32,28
932,1017,305,2023-12-15,42,32,37,37
933,1008,307,2023-09-19,92,7,33,66
934,1005,301,2023-07-29,45,44,34,55
935,1010,301,2023-03-30,86,7,46,47
936,1016,310,2023-08-25,87,33,25,95
937,1002,306,2023-09-05,33,39,6,66
938,1019,305,2023-09-15,92,26,44,74
939,1007,303,2023-07-11,34,28,47,15
940,1002,303,2023-04-06,20,13,44,-11
941,1013,304,2023-02-05,18,33,26,25
942,1004,310,2023-04-06,15,44,11,48
943,1016,302,2023-02-06,67,36,16,87
944,1010,309,2023-08-22,38,0,20,18
945,1017,304,2023-04-12,82,8,42,48
946,1014,310,2023-06-29,96,9,21,84
947,1012,303,2023-11-21,88,29,25,92
948,1013,310,2023-03-11,20,42,38,24
949,1020,307,2023-04-17,32,17,12,37
950,1008,309,2023-09-28,35,16,41,10
951,1017,302,2023-12-20,10,5,41,-26
952,1018,306,2023-02-16,90,10,44,56
953,1010,305,2023-04-18,56,23,22,57
954,1013,301,2023-12-30,50,35,29,56
955,1002,307,2023-03-10,32,32,16,48
956,1017,301,2023-11-04,14,32,26,20
957,1006,310,2023-01-02,59,17,19,57
958,1012,309,2023-08-07,18,4,6,16
959,1013,304,2023-02-14,13,30,3,40
960,1004,308,2023-08-21,80,15,48,47
961,1015,301,2023-07-08,74,1,30,45
962,1016,305,2023-12-14,89,8,29,68
963,1019,303,2023-05-02,66,1,30,37
964,1015,304,2023-03-06,34,36,3,67
965,1006,304,2023-05-29,67,19,17,69
966,1020,308,2023-09-06,15,16,19,12
967,1006,310,2023-03-08,23,24,39,8
968,1005,310,2023-12-16,72,18,39,51
969,1002,303,2023-02-28,84,41,47,78
970,1020,301,2023-04-25,74,7,46,35
971,1002,305,2023-04-26,61,10,49,22
972,1005,302,2023-08-25,74,12,22,64
973,1003,306,2023-02-16,17,12,37,-8
974,1006,304,2023-04-19,17,8,8,17
975,1011,309,2023-10-01,23,4,15,12
976,1005,307,2023-04-23,33,17,20,30
977,1018,302,2023-02-02,73,39,8,104
978,1014,307,2023-10-07,34,13,24,23
979,1010,310,2023-10-19,15,33,48,0
980,1003,308,2023-11-12,10,21,35,-4
981,1016,303,2023-06-11,96,47,46,97
982,1016,303,2023-03-31,42,32,42,32
983,1011,302,2023-02-20,23,23,13,33
984,1004,301,2023-05-24,72,28,16,84
985,1011,303,2023-04-14,65,12,27,50
986,1008,310,2023-06-19,71,49,44,76
987,1016,307,2023-01-16,37,26,40,23
988,1008,309,2023-05-13,38,0,47,-9
989,1009,309,2023-06-19,32,6,7,31
990,1014,306,2023-01-30,53,3,13,43
991,1008,306,2023-06-09,47,9,14,42
992,1016,305,2023-05-27,58,39,38,59
993,1002,302,2023-11-03,52,34,24,62
994,1020,307,2023-08-25,19,38,10,47
995,1019,301,2023-06-24,36,15,28,23
996,1020,306,2023-03-13,17,26,2,41
997,1020,304,2023-12-29,77,19,38,58
998,1019,303,2023-05-07,94,9,21,82
999,1019,301,2023-07-15,94,44,36,102
1000,1018,306,2023-07-04,39,32,40,31
1001,1013,307,2023-05-30,22,6,19,9
1002,1017,301,2023-08-02,67,41,18,90
1003,1001,301,2023-04-04,12,43,12,43
1004,1005,307,2023-02-27,93,45,26,112
1005,1020,306,2023-08-07,14,21,18,17
1006,1013,307,2023-08-07,31,42,15,58
1007,1006,308,2023-01-13,67,16,1,82
1008,1010,308,2023-10-10,75,8,0,83
1009,1009,309,2023-05-20,98,39,2,135
1010,1006,309,2023-10-01,49,9,23,35
1011,1001,307,2023-04-29,97,35,43,89
1012,1018,309,2023-09-28,14,30,37,7
1013,1007,306,2023-04-07,25,30,1,54
1014,1010,309,2023-11-26,24,4,15,13
1015,1012,302,2023-02-16,86,17,28,75
1016,1015,302,2023-06-01,84,5,36,53
1017,1017,306,2023-06-22,89,41,43,87
1018,1003,303,2023-10-02,27,49,3,73
1019,1015,302,2023-12-13,98,27,13,112
1020,1001,308,2023-08-25,56,42,16,82
1021,1011,307,2023-01-31,13,23,43,-7
1022,1006,308,2023-08-01,62,4,44,22
1023,1016,306,2023-09-29,67,27,16,78
1024,1012,309,2023-03-19,94,2,19,77
1025,1015,309,2023-10-06,84,17,46,55
1026,1018,302,2023-02-10,67,3,28,42
1027,1010,310,2023-05-26,68,39,40,67
1028,1012,305,2023-01-12,43,48,25,66
1029,1020,309,2023-09-05,39,41,41,39
1030,1019,303,2023-08-17,63,31,37,57
1031,1005,305,2023-11-27,77,31,16,92
1032,1018,308,2023-06-28,87,18,11,94
1033,1019,302,2023-12-07,84,28,27,85
1034,1012,306,2023-06-09,77,32,8,101
1035,1001,304,2023-08-09,35,1,31,5
1036,1002,306,2023-11-23,12,10,33,-11
1037,1003,303,2023-06-13,66,46,15,97
1038,1012,306,2023-06-17,46,32,47,31
1039,1014,307,2023-08-07,47,40,30,57
1040,1007,310,2023-03-11,50,39,26,63
1041,1004,303,2023-09-17,13,0,28,-15
1042,1012,305,2023-03-04,35,41,0,76
1043,1008,308,2023-09-03,48,16,26,38
1044,1001,302,2023-02-19,51,49,31,69
1045,1005,307,2023-10-13,20,15,10,25
1046,1001,301,2023-08-22,20,1,34,-13
1047,1015,307,2023-01-16,63,48,1,110
1048,1013,301,2023-01-04,47,3,45,5
1049,1013,304,2023-10-09,29,31,0,60
1050,1004,304,2023-06-06,35,6,5,36
1051,1015,305,2023-08-08,85,28,6,107
1052,1012,302,2023-12-14,23,8,1,30
1053,1008,306,2023-12-30,59,34,1,92
1054,1016,306,2023-02-20,34,4,46,-8
1055,1012,308,2023-02-11,64,49,4,109
1056,1006,310,2023-05-15,60,20,12,68
1057,1015,301,2023-10-01,99,16,18,97
1058,1007,304,2023-09-16,19,38,18,39
1059,1005,302,2023-07-10,23,13,46,-10
1060,1015,308,2023-09-13,14,31,0,45
1061,1012,304,2023-08-24,66,14,34,46
1062,1011,308,2023-10-03,31,20,17,34
1063,1004,302,2023-12-20,84,13,48,49
1064,1013,304,2023-03-14,38,40,31,47
1065,1018,309,2023-03-15,16,15,31,0
1066,1008,305,2023-05-03,27,0,7,20
1067,1007,306,2023-03-11,40,39,10,69
1068,1016,310,2023-03-20,52,17,19,50
1069,1003,309,2023-09-05,93,33,7,119
1070,1016,309,2023-07-06,44,25,27,42
1071,1016,307,2023-05-21,80,35,20,95
1072,1007,302,2023-10-25,13,20,37,-4
1073,1013,307,2023-02-13,60,0,37,23
1074,1013,309,2023-09-04,39,26,5,60
1075,1019,302,2023-12-02,62,10,1,71
1076,1018,307,2023-08-14,91,37,9,119
1077,1007,307,2023-03-08,83,13,41,55
1078,1020,303,2023-10-03,23,27,8,42
1079,1018,306,2023-09-10,45,26,2,69
1080,1018,308,2023-10-30,96,21,1,116
1081,1004,310,2023-10-07,21,20,35,6
1082,1009,308,2023-06-28,85,23,7,101
1083,1016,303,2023-10-06,43,18,8,53
1084,1004,306,2023-05-09,35,23,25,33
1085,1008,302,2023-04-25,15,25,33,7
1086,1003,302,2023-11-18,62,24,47,39
1087,1009,308,2023-10-01,24,44,29,39
1088,1008,310,2023-07-21,28,43,37,34
1089,1012,305,2023-04-27,56,28,7,77
1090,1014,305,2023-02-04,96,9,2,103
1091,1010,304,2023-04-16,86,10,10,86
1092,1017,310,2023-09-06,70,23,24,69
1093,1011,304,2023-06-01,99,23,4,118
1094,1010,308,2023-05-21,61,11,11,61
1095,1013,303,2023-10-22,27,6,29,4
1096,1002,303,2023-06-11,69,39,26,82
1097,1001,308,2023-05-27,56,16,42,30
1098,1001,303,2023-09-13,66,34,4,96
1099,1016,302,2023-04-01,42,5,19,28
1100,1010,305,2023-08-06,41,11,20,32
1101,1010,303,2023-05-19,13,14,2,25
1102,1007,306,2023-06-26,50,31,40,41
1103,1007,307,2023-10-18,28,22,49,1
1104,1001,303,2023-12-06,16,6,43,-21
1105,1013,309,2023-03-17,35,37,3,69
1106,1005,310,2023-02-26,96,30,23,103
1107,1003,301,2023-01-28,60,28,6,82
1108,1013,307,2023-11-18,65,43,23,85
1109,1012,304,2023-11-17,80,27,10,97
1110,1018,307,2023-05-30,84,11,1,94
1111,1005,309,2023-11-03,60,26,43,43
1112,1005,309,2023-12-13,17,3,40,-20
1113,1002,301,2023-07-18,22,20,5,37
1114,1006,310,2023-06-13,41,8,6,43
1115,1007,304,2023-07-01,43,48,37,54
1116,1001,307,2023-08-28,27,33,17,43
1117,1003,310,2023-08-30,88,36,44,80
1118,1020,306,2023-03-07,64,20,8,76
1119,1002,309,2023-06-20,52,22,27,47
1120,1010,307,2023-05-13,33,23,18,38
1121,1011,303,2023-03-22,30,9,3,36
1122,1013,307,2023-06-14,27,37,3,61
1123,1016,310,2023-03-04,23,5,12,16
1124,1020,305,2023-12-21,62,20,27,55
1125,1011,302,2023-02-20,28,36,10,54
1126,1018,310,2023-03-13,86,28,1,113
1127,1011,303,2023-02-12,66,39,5,100
1128,1001,306,2023-11-19,73,20,11,82
1129,1018,306,2023-11-17,89,21,39,71
1130,1020,307,2023-11-14,11,34,36,9
1131,1005,306,2023-08-04,66,45,23,88
1132,1002,309,2023-07-10,43,4,8,39
1133,1018,305,2023-06-07,58,14,25,47
1134,1007,305,2023-03-31,99,40,3,136
1135,1011,308,2023-04-14,63,46,40,69
1136,1011,308,2023-02-20,31,18,43,6
1137,1013,301,2023-09-11,93,15,3,105
1138,1004,303,2023-04-17,91,39,48,82
1139,1001,306,2023-10-21,53,46,33,66
1140,1018,306,2023-08-24,44,42,21,65
1141,1012,301,2023-11-19,38,22,12,48
1142,1010,302,2023-11-29,15,3,14,4
1143,1008,310,2023-12-22,46,20,39,27
1144,1003,307,2023-04-15,98,23,37,84
1145,1007,301,2023-09-12,94,41,40,95
1146,1020,310,2023-10-31,67,25,42,50
1147,1011,305,2023-01-20,73,41,43,71
1148,1007,301,2023-12-25,40,1,1,40
1149,1007,306,2023-03-13,59,39,1,97
1150,1009,307,2023-04-27,89,7,42,54
1151,1003,308,2023-05-10,69,8,7,70
1152,1011,303,2023-04-30,23,1,37,-13
1153,1017,303,2023-08-01,79,13,17,75
1154,1008,301,2023-08-17,20,19,28,11
1155,1020,303,2023-07-02,36,1,10,27
1156,1002,305,2023-05-14,78,3,5,76
1157,1020,306,2023-12-05,88,34,8,114
1158,1001,303,2023-08-19,47,13,21,39
1159,1016,304,2023-12-30,71,20,45,46
1160,1004,305,2023-12-06,62,47,24,85
1161,1009,305,2023-09-03,89,14,30,73
1162,1008,309,2023-09-09,27,38,20,45
1163,1001,308,2023-08-13,61,49,37,73
1164,1008,301,2023-06-06,33,19,18,34
1165,1005,302,2023-04-29,16,5,9,12
1166,1001,305,2023-04-04,23,27,45,5
1167,1007,303,2023-08-16,59,47,36,70
1168,1015,307,2023-12-31,33,42,11,64
1169,1007,306,2023-07-05,88,1,18,71
1170,1001,302,2023-11-30,22,27,1,48
1171,1009,308,2023-07-04,28,33,14,47
1172,1001,305,2023-10-07,38,13,37,14
1173,1012,306,2023-08-18,31,8,7,32
1174,1007,308,2023-09-22,11,22,45,-12
1175,1009,306,2023-06-07,86,43,34,95
1176,1005,310,2023-12-18,45,34,37,42
1177,1012,303,2023-03-18,47,21,42,26
1178,1002,307,2023-03-23,27,4,29,2
1179,1018,304,2023-06-30,60,40,8,92
1180,1009,306,2023-12-08,24,28,29,23
1181,1001,306,2023-07-15,61,34,48,47
1182,1010,305,2023-03-01,26,49,18,57
1183,1014,301,2023-05-31,86,33,28,91
1184,1014,308,2023-03-02,31,3,1,33
1185,1007,310,2023-05-15,63,44,27,80
1186,1012,302,2023-11-27,61,48,7,102
1187,1006,304,2023-02-08,94,8,24,78
1188,1013,303,2023-09-10,99,13,9,103
1189,1008,306,2023-04-16,55,44,21,78
1190,1002,301,2023-08-21,13,4,34,-17
1191,1010,309,2023-12-20,16,49,41,24
1192,1006,305,2023-06-19,19,46,23,42
1193,1016,305,2023-08-05,24,26,25,25
1194,1010,304,2023-12-14,35,10,30,15
1195,1015,304,2023-01-14,89,29,22,96
1196,1020,301,2023-01-16,49,36,1,84
1197,1010,309,2023-08-07,70,38,38,70
1198,1011,309,2023-06-18,90,33,32,91
1199,1002,304,2023-01-14,25,23,23,25
1200,1010,310,2023-08-31,27,15,11,31
1201,1012,310,2023-11-15,84,29,36,77
1202,1011,304,2023-01-08,85,23,8,100
1203,1015,307,2023-10-10,11,2,43,-30
1204,1004,304,2023-04-21,63,28,42,49
1205,1005,301,2023-02-09,27,41,43,25
1206,1001,309,2023-03-09,63,11,2,72
1207,1001,302,2023-05-03,47,26,43,30
1208,1010,305,2023-11-13,82,28,22,88
1209,1004,304,2023-06-15,24,1,23,2
1210,1013,308,2023-07-22,73,28,32,69
1211,1014,306,2023-05-08,17,39,29,27
1212,1019,307,2023-12-30,55,8,37,26
1213,1005,302,2023-06-01,48,43,42,49
1214,1011,304,2023-05-26,61,27,1,87
1215,1008,304,2023-02-18,17,36,39,14
1216,1001,302,2023-01-03,59,22,21,60
1217,1005,310,2023-09-08,59,12,10,61
1218,1018,304,2023-03-18,92,4,11,85
1219,1013,309,2023-08-08,77,31,18,90
1220,1005,308,2023-12-14,36,27,19,44
1221,1007,301,2023-08-16,86,14,8,92
1222,1012,308,2023-04-28,47,23,42,28
1223,1002,309,2023-09-24,30,31,17,44
1224,1013,308,2023-08-23,99,20,40,79
1225,1014,310,2023-06-17,54,4,46,12
1226,1006,301,2023-09-17,67,36,17,86
1227,1016,308,2023-07-12,32,35,39,28
1228,1010,305,2023-07-03,63,27,35,55
1229,1011,309,2023-01-10,39,31,26,44
1230,1001,309,2023-12-03,25,22,12,35
1231,1015,306,2023-11-23,61,15,46,30
1232,1016,303,2023-12-25,50,49,7,92
1233,1010,307,2023-05-21,80,9,47,42
1234,1010,303,2023-01-22,90,28,42,76
1235,1003,307,2023-11-08,33,26,22,37
1236,1011,308,2023-07-12,29,34,12,51
1237,1011,305,2023-04-02,36,41,6,71
1238,1016,305,2023-04-07,11,44,49,6
1239,1006,304,2023-05-21,69,23,39,53
1240,1009,303,2023-09-14,60,22,1,81
1241,1001,308,2023-02-07,10,2,2,10
1242,1006,306,2023-09-04,15,35,41,9
1243,1018,306,2023-09-13,47,44,38,53
1244,1013,302,2023-10-25,63,13,22,54
1245,1002,304,2023-03-26,69,3,6,66
1246,1019,305,2023-02-06,36,43,3,76
1247,1002,310,2023-07-04,89,47,7,129
1248,1004,305,2023-04-08,71,41,31,81
1249,1004,303,2023-11-14,72,31,18,85
1250,1010,310,2023-01-30,44,19,11,52
1251,1017,305,2023-07-10,67,16,9,74
1252,1016,305,2023-12-04,70,28,13,85
1253,1008,302,2023-10-06,45,38,26,57
1254,1006,305,2023-07-20,65,31,43,53
1255,1002,303,2023-11-18,76,3,20,59
1256,1015,303,2023-07-08,66,23,19,70
1257,1011,305,2023-09-15,50,43,3,90
1258,1016,309,2023-06-04,40,41,18,63
1259,1004,302,2023-11-15,12,1,28,-15
1260,1011,309,2023-08-16,47,13,6,54
1261,1014,303,2023-01-05,62,39,32,69
1262,1008,307,2023-05-09,61,41,7,95
1263,1006,301,2023-03-15,33,37,10,60
1264,1019,301,2023-12-31,35,33,32,36
1265,1004,308,2023-01-24,82,45,24,103
1266,1004,309,2023-11-11,46,42,32,56
1267,1006,303,2023-10-06,57,1,35,23
1268,1011,306,2023-07-25,76,35,25,86
1269,1001,303,2023-05-26,50,5,35,20
1270,1002,306,2023-03-30,58,35,10,83
1271,1009,307,2023-01-22,37,21,29,29
1272,1016,305,2023-10-27,41,4,32,13
1273,1006,303,2023-02-13,80,37,9,108
1274,1009,308,2023-02-06,80,40,28,92
1275,1019,305,2023-01-07,94,21,24,91
1276,1005,301,2023-10-07,41,47,31,57
1277,1010,309,2023-06-18,47,10,3,54
1278,1007,303,2023-03-11,29,42,38,33
1279,1002,302,2023-08-01,17,30,33,14
1280,1020,303,2023-03-12,77,41,21,97
1281,1004,307,2023-07-26,35,28,12,51
1282,1008,310,2023-03-13,88,32,35,85
1283,1003,308,2023-11-12,79,21,5,95
1284,1002,302,2023-06-29,57,48,16,89
1285,1009,307,2023-07-27,78,26,25,79
1286,1011,305,2023-06-26,55,7,23,39
1287,1004,309,2023-07-14,67,47,8,106
1288,1009,307,2023-10-28,79,5,1,83
1289,1006,301,2023-08-27,76,45,19,102
1290,1001,301,2023-06-03,38,24,26,36
1291,1003,306,2023-06-03,92,33,5,120
1292,1007,309,2023-01-30,19,8,49,-22
1293,1009,301,2023-01-27,80,35,26,89
1294,1008,303,2023-08-28,74,30,23,81
1295,1013,305,2023-08-31,74,18,14,78
1296,1018,304,2023-05-12,26,48,47,27
1297,1019,301,2023-06-28,31,0,32,-1
1298,1009,310,2023-12-05,23,23,41,5
1299,1020,304,2023-04-08,15,33,9,39
1300,1006,304,2023-11-22,39,16,20,35
1301,1012,310,2023-08-25,56,33,5,84
1302,1004,304,2023-12-01,29,34,29,34
1303,1009,303,2023-05-18,25,35,22,38
1304,1010,307,2023-04-28,77,12,35,54
1305,1003,301,2023-04-16,43,24,45,22
1306,1017,302,2023-02-05,10,11,48,-27
1307,1007,301,2023-02-15,86,20,2,104
1308,1008,304,2023-04-14,57,36,25,68
1309,1011,305,2023-12-30,17,45,33,29
1310,1013,310,2023-12-26,31,37,29,39
1311,1003,305,2023-03-11,77,0,17,60
1312,1019,302,2023-07-26,43,47,16,74
1313,1014,303,2023-08-09,69,5,44,30
1314,1016,304,2023-03-30,54,44,41,57
1315,1015,310,2023-01-03,46,44,20,70
1316,1002,306,2023-10-25,32,10,23,19
1317,1006,306,2023-08-19,93,15,3,105
1318,1007,302,2023-04-28,33,21,48,6
1319,1009,302,2023-11-07,22,45,47,20
1320,1009,309,2023-04-24,78,10,24,64
1321,1017,302,2023-07-21,89,36,23,102
1322,1003,302,2023-01-30,69,25,45,49
1323,1004,303,2023-12-30,47,25,26,46
1324,1002,309,2023-09-04,57,41,30,68
1325,1001,306,2023-03-22,35,20,46,9
1326,1010,306,2023-09-03,95,25,34,86
1327,1003,310,2023-07-03,97,14,19,92
1328,1010,305,2023-09-30,86,38,15,109
1329,1009,307,2023-02-02,94,34,30,98
1330,1017,304,2023-04-12,10,10,6,14
1331,1015,310,2023-10-04,13,8,17,4
1332,1003,310,2023-04-21,76,41,7,110
1333,1003,303,2023-07-25,96,22,26,92
1334,1004,307,2023-09-23,89,3,13,79
1335,1004,310,2023-08-03,22,29,17,34
1336,1017,301,2023-04-13,48,27,0,75
1337,1006,306,2023-10-22,40,24,30,34
1338,1011,302,2023-03-19,33,21,19,35
1339,1012,302,2023-06-24,88,24,5,107
1340,1007,308,2023-12-08,14,25,44,-5
1341,1013,303,2023-02-21,58,49,0,107
1342,1006,309,2023-10-24,95,28,18,105
1343,1003,304,2023-06-24,95,45,38,102
1344,1014,306,2023-12-09,20,40,26,34
1345,1014,301,2023-07-18,33,31,15,49
1346,1010,310,2023-03-29,54,25,13,66
1347,1005,310,2023-06-20,83,27,33,77
1348,1002,303,2023-02-06,43,19,6,56
1349,1006,304,2023-05-03,20,47,19,48
1350,1011,305,2023-07-20,66,1,30,37
1351,1018,301,2023-03-05,38,22,21,39
1352,1011,304,2023-07-07,31,38,19,50
1353,1015,305,2023-08-03,42,4,14,32
1354,1003,304,2023-08-31,81,20,24,77
1355,1002,310,2023-05-30,58,21,45,34
1356,1007,310,2023-05-04,32,48,0,80
1357,1005,307,2023-07-17,78,10,16,72
1358,1013,308,2023-02-05,38,29,15,52
1359,1008,308,2023-10-29,15,27,36,6
1360,1009,303,2023-10-05,61,35,20,76
1361,1008,305,2023-02-04,98,16,26,88
1362,1010,310,2023-04-23,98,20,34,84
1363,1002,308,2023-06-24,23,36,23,36
1364,1010,307,2023-02-02,26,35,1,60
1365,1011,309,2023-08-01,89,24,45,68
1366,1011,310,2023-07-22,37,23,24,36
1367,1005,307,2023-09-11,18,29,18,29
1368,1014,302,2023-02-25,75,41,44,72
1369,1003,304,2023-11-19,13,34,12,35
1370,1020,308,2023-01-13,29,20,28,21
1371,1002,309,2023-02-19,50,5,31,24
1372,1018,307,2023-09-05,45,20,5,60
1373,1001,305,2023-08-21,15,7,8,14
1374,1001,301,2023-01-28,74,4,0,78
1375,1017,309,2023-04-14,59,39,23,75
1376,1006,306,2023-12-20,73,9,9,73
1377,1013,302,2023-04-06,12,30,34,8
1378,1001,310,2023-12-09,46,29,5,70
1379,1006,310,2023-12-10,12,20,47,-15
1380,1008,302,2023-07-12,42,35,19,58
1381,1013,310,2023-05-05,68,26,37,57
1382,1002,301,2023-03-22,24,37,11,50
1383,1008,304,2023-01-07,65,34,2,97
1384,1001,310,2023-11-26,70,31,17,84
1385,1013,302,2023-03-24,77,25,20,82
1386,1001,310,2023-01-24,88,3,34,57
1387,1010,309,2023-04-24,80,26,36,70
1388,1005,302,2023-01-15,77,35,18,94
1389,1020,309,2023-04-23,71,36,24,83
1390,1013,301,2023-12-08,76,26,17,85
1391,1005,307,2023-09-07,32,46,39,39
1392,1010,306,2023-05-25,23,47,29,41
1393,1003,306,2023-01-19,15,5,41,-21
1394,1002,302,2023-01-09,42,17,41,18
1395,1002,301,2023-11-16,18,25,33,10
1396,1005,310,2023-07-04,21,43,9,55
1397,1004,308,2023-02-07,60,23,21,62
1398,1002,308,2023-07-30,12,6,49,-31
1399,1009,302,2023-05-14,65,43,3,105
1400,1009,304,2023-04-12,55,13,2,66
1401,1009,304,2023-05-29,45,12,48,9
1402,1004,302,2023-04-03,22,25,48,-1
1403,1008,309,2023-10-17,22,42,27,37
1404,1018,304,2023-05-20,67,42,21,88
1405,1009,304,2023-10-22,94,1,11,84
1406,1003,304,2023-12-18,43,45,48,40
1407,1006,305,2023-09-19,52,46,12,86
1408,1019,310,2023-03-22,37,22,40,19
1409,1005,308,2023-02-01,65,27,32,60
1410,1017,304,2023-07-07,56,0,46,10
1411,1019,303,2023-05-16,44,31,18,57
1412,1003,301,2023-06-15,87,11,40,58
1413,1008,302,2023-05-27,91,45,16,120
1414,1009,304,2023-09-02,28,49,46,31
1415,1008,309,2023-07-02,92,34,33,93
1416,1014,301,2023-01-09,60,25,3,82
1417,1010,306,2023-06-05,29,30,38,21
1418,1017,306,2023-11-14,38,11,7,42
1419,1003,310,2023-06-25,81,28,32,77
1420,1003,303,2023-04-24,98,4,0,102
1421,1003,310,2023-08-31,90,34,4,120
1422,1004,309,2023-06-16,74,6,31,49
1423,1017,310,2023-08-11,47,15,39,23
1424,1014,303,2023-07-10,58,31,0,89
1425,1002,301,2023-10-02,37,16,34,19
1426,1012,302,2023-10-16,42,20,21,41
1427,1005,304,2023-03-05,22,26,28,20
1428,1002,304,2023-10-09,97,39,16,120
1429,1012,302,2023-06-22,53,46,29,70
1430,1009,310,2023-09-14,95,14,34,75
1431,1009,306,2023-07-22,61,22,0,83
1432,1020,306,2023-03-18,86,7,3,90
1433,1001,303,2023-04-13,85,24,8,101
1434,1007,301,2023-08-14,50,10,44,16
1435,1018,310,2023-08-14,58,20,31,47
1436,1010,309,2023-08-15,16,9,4,21
1437,1015,304,2023-04-06,45,49,13,81
1438,1009,309,2023-03-17,35,8,25,18
1439,1011,305,2023-02-02,36,47,22,61
1440,1001,307,2023-03-23,33,0,45,-12
1441,1011,303,2023-03-10,80,21,21,80
1442,1001,303,2023-12-05,90,5,26,69
1443,1005,308,2023-08-07,42,29,24,47
1444,1018,301,2023-12-28,27,33,35,25
1445,1001,308,2023-12-24,14,12,3,23
1446,1010,308,2023-10-29,10,21,31,0
1447,1013,303,2023-04-30,80,5,8,77
1448,1008,301,2023-02-17,12,40,1,51
1449,1013,309,2023-03-09,45,45,41,49
1450,1020,304,2023-12-05,44,23,49,18
1451,1002,307,2023-03-26,60,20,38,42
1452,1012,309,2023-10-03,21,38,45,14
1453,1013,303,2023-09-13,24,22,24,22
1454,1008,305,2023-07-24,13,4,46,-29
1455,1015,310,2023-08-21,65,6,9,62
1456,1007,303,2023-03-06,25,2,36,-9
1457,1007,305,2023-11-13,15,12,24,3
1458,1017,302,2023-03-20,72,11,39,44
1459,1019,304,2023-01-14,32,5,28,9
1460,1003,302,2023-11-21,86,33,36,83
1461,1007,303,2023-11-01,53,14,4,63
1462,1012,305,2023-06-18,10,46,13,43
1463,1014,309,2023-06-08,66,17,32,51
1464,1002,303,2023-04-26,85,48,26,107
1465,1007,310,2023-12-12,36,2,4,34
1466,1016,306,2023-07-11,34,21,43,12
1467,1009,304,2023-12-11,95,34,14,115
1468,1001,304,2023-07-02,71,27,2,96
1469,1012,310,2023-08-19,27,40,0,67
1470,1002,310,2023-06-17,89,41,23,107
1471,1018,305,2023-01-15,39,11,11,39
1472,1014,307,2023-07-12,39,0,44,-5
1473,1012,304,2023-08-21,93,35,13,115
1474,1018,308,2023-09-20,56,29,41,44
1475,1005,309,2023-02-23,31,22,19,34
1476,1007,309,2023-06-29,51,36,13,74
1477,1004,309,2023-01-04,43,27,13,57
1478,1013,302,2023-09-14,72,48,44,76
1479,1016,303,2023-12-27,13,4,34,-17
1480,1016,305,2023-11-18,40,35,18,57
1481,1019,301,2023-08-28,60,46,19,87
1482,1004,304,2023-06-12,59,9,41,27
1483,1020,305,2023-12-03,23,4,43,-16
1484,1020,309,2023-05-18,17,13,22,8
1485,1001,308,2023-11-20,78,23,33,68
1486,1013,301,2023-08-17,17,27,0,44
1487,1020,303,2023-04-12,20,20,3,37
1488,1020,303,2023-07-12,38,44,39,43
1489,1009,306,2023-11-03,64,39,16,87
1490,1010,304,2023-01-30,94,11,25,80
1491,1006,304,2023-10-22,48,19,13,54
1492,1007,301,2023-09-04,22,31,45,8
1493,1016,310,2023-08-09,73,37,31,79
1494,1017,304,2023-06-21,58,39,35,62
1495,1001,301,2023-06-09,28,41,19,50
1496,1009,305,2023-06-21,76,20,15,81
1497,1014,303,2023-03-04,92,16,18,90
1498,1015,310,2023-03-02,61,0,44,17
1499,1004,305,2023-03-06,87,43,38,92
1500,1008,303,2023-06-18,80,27,23,84
